{"mfu":-100,"iter":0,"train/loss":10.988587379455566,"val/loss":10.989786148071289,"_timestamp":1.7485332043466535e+09,"_runtime":20.482890184,"lr":2.998500749625187e-07,"_wandb":{"runtime":107},"_step":0}