{"train/loss":4.718508243560791,"val/loss":4.746129035949707,"_wandb":{"runtime":349645},"mfu":29.854329076439672,"_step":600,"iter":600000,"_timestamp":1.748946757796889e+09,"_runtime":349640.594913915,"lr":6e-05}