{"_wandb":{"runtime":62510},"_step":107,"iter":107000,"_timestamp":1.7485962946670458e+09,"val/loss":3.004396915435791,"train/loss":2.998185157775879,"_runtime":62403.024026386,"lr":0.0005599530579693387,"mfu":29.857424953702537}